{
  "project_info": {
    "project_number": "678432558529",
    "firebase_url": "https://mpgroupproject.firebaseio.com",
    "project_id": "mpgroupproject",
    "storage_bucket": "mpgroupproject.appspot.com"
  },
  "client": [
    {
      "client_info": {
        "mobilesdk_app_id": "1:678432558529:android:412a23f126350cc8",
        "android_client_info": {
          "package_name": "com.example.myudong"
        }
      },
      "oauth_client": [
        {
          "client_id": "678432558529-nh3qokufd4pe6dodktecv5t35ftrsil3.apps.googleusercontent.com",
          "client_type": 1,
          "android_info": {
            "package_name": "com.example.myudong",
            "certificate_hash": "334a47420d72c9ae2d69a52bc781754c58f41bc8"
          }
        },
        {
          "client_id": "678432558529-hmtagnb8khpq7is1gurfveoglgp2hc7d.apps.googleusercontent.com",
          "client_type": 3
        }
      ],
      "api_key": [
        {
          "current_key": "AIzaSyCv6ZNapjpQGst7fU2LsjbnTdJt0o-ZDEU"
        }
      ],
      "services": {
        "appinvite_service": {
          "other_platform_oauth_client": [
            {
              "client_id": "678432558529-hmtagnb8khpq7is1gurfveoglgp2hc7d.apps.googleusercontent.com",
              "client_type": 3
            }
          ]
        }
      }
    }
  ],
  "configuration_version": "1"
}